{"episodic_return": 93.61585235595703, "episodic_length": 66.0, "global_steps": 1998845, "_timestamp": 1683586664.219201, "_runtime": 11183.536645174026, "_step": 30462, "entropy": 1.7547532320022583, "global_step": 1998848, "_wandb": {"runtime": 11182}}