{"episodic_return": 93.39358520507812, "episodic_length": 67.0, "global_steps": 1998814, "_timestamp": 1683602270.142837, "_runtime": 26447.745095014572, "_step": 30467, "entropy": 1.7942585945129395, "global_step": 1998848, "_wandb": {"runtime": 26447}}