{"episodic_return": -1.4200716018676758, "episodic_length": 200.0, "global_steps": 1998800, "_timestamp": 1683536467.1129014, "_runtime": 8594.67462348938, "_step": 9993, "_wandb": {"runtime": 8596}}