{"episodic_return": -1032.3687744140625, "episodic_length": 200.0, "global_steps": 1998800, "_timestamp": 1683506478.5296838, "_runtime": 7193.195198774338, "_step": 9993, "_wandb": {"runtime": 7195}}