{"episodic_return": -126.73404693603516, "episodic_length": 200.0, "global_steps": 958400, "_timestamp": 1683599955.1535873, "_runtime": 3389.7262353897095, "_step": 4791}