{"episodic_return": -1272.1409912109375, "episodic_length": 200.0, "global_steps": 2000, "_timestamp": 1683532134.556051, "_runtime": 8.84917402267456, "_step": 9, "_wandb": {"runtime": 10}}