{"episodic_return": -896.4127197265625, "episodic_length": 200.0, "global_steps": 1998800, "_timestamp": 1683544278.753406, "_runtime": 7794.820829153061, "_step": 9993, "_wandb": {"runtime": 7797}}