{"episodic_return": 93.49907684326172, "episodic_length": 66.0, "global_steps": 1998795, "_timestamp": 1683586115.1206682, "_runtime": 10784.373846054077, "_step": 30183, "entropy": 1.8488324880599976, "global_step": 1998848, "_wandb": {"runtime": 10783}}