{"episodic_return": 93.73400115966797, "episodic_length": 65.0, "global_steps": 1998831, "_timestamp": 1683602655.1550918, "_runtime": 26819.13236784935, "_step": 21684, "entropy": 1.4826750755310059, "global_step": 1998848, "_wandb": {"runtime": 26818}}