{"episodic_return": -1.2874345779418945, "episodic_length": 200.0, "global_steps": 1998800, "_timestamp": 1683565583.1508253, "_runtime": 33285.36891436577, "_step": 10969, "entropy": 1.826757788658142, "global_step": 1998848, "_wandb": {"runtime": 33284}}