{"episodic_return": -3.2993357181549072, "episodic_length": 200.0, "global_steps": 1998800, "_timestamp": 1683565749.1785557, "_runtime": 32197.428082704544, "_step": 10969, "entropy": 1.7529425621032715, "global_step": 1998848, "_wandb": {"runtime": 32196}}