{"episodic_return": -1.9013516902923584, "episodic_length": 200.0, "global_steps": 1998800, "_timestamp": 1683564296.4903407, "_runtime": 31609.230098724365, "_step": 10969, "entropy": 1.8830358982086182, "global_step": 1998848, "_wandb": {"runtime": 31608}}