{"episodic_return": -1.904850959777832, "episodic_length": 200.0, "global_steps": 1998800, "_timestamp": 1683558371.500247, "_runtime": 7082.459273099899, "_step": 9993, "_wandb": {"runtime": 7084}}