{"episodic_return": -964.27392578125, "episodic_length": 200.0, "global_steps": 32200, "_timestamp": 1683499054.745212, "_runtime": 122.72495317459106, "_step": 160}