{"episodic_return": -1.904850959777832, "episodic_length": 200.0, "global_steps": 1998800, "_timestamp": 1683589723.5855608, "_runtime": 9040.69994878769, "_step": 9993, "_wandb": {"runtime": 9042}}