{"episodic_return": -1.5035518407821655, "episodic_length": 200.0, "global_steps": 1998800, "_timestamp": 1683540749.5896952, "_runtime": 9130.123735189438, "_step": 10969, "entropy": 1.7120660543441772, "global_step": 1998848, "_wandb": {"runtime": 9129}}