{"episodic_return": -920.694091796875, "episodic_length": 200.0, "global_steps": 16200, "_timestamp": 1683532515.6021392, "_runtime": 101.00572633743286, "_step": 87, "entropy": 1.468227505683899, "global_step": 14336, "_wandb": {"runtime": 102}}