{"episodic_return": -1.3173229694366455, "episodic_length": 200.0, "global_steps": 1998800, "_timestamp": 1683527853.8319595, "_runtime": 7151.940314531326, "_step": 9993, "_wandb": {"runtime": 7154}}