{"episodic_return": -1.2505619525909424, "episodic_length": 200.0, "global_steps": 1998800, "_timestamp": 1683564139.7983723, "_runtime": 31598.39366030693, "_step": 10969, "entropy": 1.8410733938217163, "global_step": 1998848, "_wandb": {"runtime": 31597}}