{"episodic_return": -1.5736196041107178, "episodic_length": 200.0, "global_steps": 1998800, "_timestamp": 1683565653.430246, "_runtime": 32418.851568222046, "_step": 10969, "entropy": 1.7611377239227295, "global_step": 1998848, "_wandb": {"runtime": 32418}}