{"episodic_return": -1.8920849561691284, "episodic_length": 200.0, "global_steps": 1998800, "_timestamp": 1683539646.7352662, "_runtime": 8243.37319111824, "_step": 10969, "entropy": 1.9026751518249512, "global_step": 1998848, "_wandb": {"runtime": 8242}}