{"episodic_return": -896.4127197265625, "episodic_length": 200.0, "global_steps": 1998800, "_timestamp": 1683564997.1455498, "_runtime": 6599.10918879509, "_step": 9993, "_wandb": {"runtime": 6600}}