{"episodic_return": -1.0300288200378418, "episodic_length": 200.0, "global_steps": 1998800, "_timestamp": 1683580662.7517626, "_runtime": 8778.488535642624, "_step": 9993, "_wandb": {"runtime": 8781}}