{"episodic_return": -1.904850959777832, "episodic_length": 200.0, "global_steps": 1998800, "_timestamp": 1683571861.7820292, "_runtime": 6839.123298168182, "_step": 9993, "_wandb": {"runtime": 6841}}