{"episodic_return": -1.4200716018676758, "episodic_length": 200.0, "global_steps": 1998800, "_timestamp": 1683596548.44844, "_runtime": 6807.392802000046, "_step": 9993, "_wandb": {"runtime": 6809}}