{"episodic_return": -9.524690628051758, "episodic_length": 200.0, "global_steps": 1998800, "_timestamp": 1683513567.1740148, "_runtime": 7068.870866775513, "_step": 9993, "_wandb": {"runtime": 7071}}