{"episodic_return": -1.0300288200378418, "episodic_length": 200.0, "global_steps": 1998800, "_timestamp": 1683520682.2849283, "_runtime": 7093.98653626442, "_step": 9993, "_wandb": {"runtime": 7096}}