{"episodic_return": 93.51290893554688, "episodic_length": 65.0, "global_steps": 1998828, "_timestamp": 1683602397.289831, "_runtime": 26584.65761899948, "_step": 29203, "entropy": 1.8464019298553467, "global_step": 1998848, "_wandb": {"runtime": 26584}}